config_name,algorithm,metric,matrix_rows,matrix_cols,density,sketch_size,compression_ratio,sketch_time,test_time,mse,mae,max_error,relative_error
Small Sparse Matrix,BinSketch,inner_product,50,50,0.1,25,2.0,0.0005261898040771484,0.004099845886230469,0.55,0.45,2.0,1500000000.3
Small Sparse Matrix,BCS,inner_product,50,50,0.1,25,2.0,0.0006766319274902344,0.0036814212799072266,0.65,0.55,2.0,3500000000.175
Medium Sparse Matrix,BinSketch,inner_product,100,100,0.1,50,2.0,0.0003921985626220703,0.0058345794677734375,0.7666666666666667,0.5666666666666667,2.0,1666666666.9333334
Medium Sparse Matrix,BCS,inner_product,100,100,0.1,50,2.0,0.00045299530029296875,0.009871721267700195,1.5666666666666667,0.8333333333333334,3.0,3333333333.75
Dense Matrix,BinSketch,inner_product,100,100,0.3,50,2.0,0.0008485317230224609,0.009424686431884766,23.733333333333334,4.066666666666666,11.0,0.4331758038563691
Dense Matrix,BCS,inner_product,100,100,0.3,50,2.0,0.0003218650817871094,0.007888555526733398,14.366666666666667,2.9,12.0,0.2676573517228472
